[
  {
    "head": {
      "checkSumAdjustment": 3279294931,
      "created": 3680790218,
      "flags": 27,
      "fontDirectionHint": 2,
      "fontRevision": 3.0149993896484375,
      "glyphDataFormat": 0,
      "indexToLocFormat": 0,
      "lowestRecPPEM": 6,
      "macStyle": [],
      "macStyle_raw": 0,
      "magicNumber": 1594834165,
      "modified": 3680790227,
      "tableVersion": 1.0,
      "unitsPerEm": 2816,
      "xMax": 7274,
      "xMin": -2080,
      "yMax": 3072,
      "yMin": -900
    },
    "hhea": {
      "advanceWidthMax": 7552,
      "ascent": 2728,
      "caretOffset": 0,
      "caretSlopeRise": 1,
      "caretSlopeRun": 0,
      "descent": -680,
      "lineGap": 0,
      "metricDataFormat": 0,
      "minLeftSideBearing": -2080,
      "minRightSideBearing": -2828,
      "numberOfHMetrics": 2547,
      "tableVersion": 65536,
      "xMaxExtent": 7274
    },
    "id": "Inter-Regular:2020:7f5c04026",
    "name": "Inter-Regular",
    "names": {
      "#256": "Open digits",
      "#257": "Disambiguation",
      "#258": "r curves into round neighbors",
      "#259": "Disambiguation without slashed zero",
      "#260": "Alternate one",
      "#261": "Open four",
      "#262": "Open six",
      "#263": "Open nine",
      "#264": "Lower-case L with tail",
      "#265": "r with curved tail",
      "#266": "Alternate German double s",
      "#267": "Upper-case i with serif",
      "#268": "Flat-top three",
      "#269": "Captital G with spur",
      "#270": "Single-storey a",
      "copyright": "Copyright \u00a9 2020 The Inter Project Authors",
      "designer": "Rasmus Andersson",
      "designerURL": "https://rsms.me/",
      "familyName": "Inter",
      "fontId": "Inter-Regular:2020:7f5c04026",
      "fullName": "Inter Regular",
      "licenseDescription": "This Font Software is licensed under the SIL Open Font License, Version 1.1. This license is available with a FAQ at: http://scripts.sil.org/OFL",
      "licenseURL": "http://scripts.sil.org/OFL",
      "manufacturerName": "rsms",
      "postscriptName": "Inter-Regular",
      "subfamilyName": "Regular",
      "trademark": "Inter UI and Inter is a trademark of rsms.",
      "vendorURL": "https://rsms.me/",
      "version": "Version 3.015;git-7f5c04026"
    },
    "os/2": {
      "achVendID": "RSMS",
      "fsSelection": 192,
      "fsType": 0,
      "panose": {
        "armStyle": 0,
        "contrast": 3,
        "familyType": 2,
        "letterForm": 0,
        "midline": 0,
        "proportion": 2,
        "proportionName": "Old Style/Regular",
        "serifStyle": 11,
        "strokeVariation": 0,
        "weight": 5,
        "weightName": "Book",
        "xHeight": 4
      },
      "sCapHeight": 2048,
      "sFamilyClass": 0,
      "sTypoAscender": 2728,
      "sTypoDescender": -680,
      "sTypoLineGap": 0,
      "sxHeight": 1536,
      "ulCodePageRange1": 415,
      "ulCodePageRange2": 0,
      "ulUnicodeRange1": 3758099199,
      "ulUnicodeRange2": 1375773183,
      "ulUnicodeRange3": 33,
      "ulUnicodeRange4": 0,
      "usBreakChar": 32,
      "usDefaultChar": 0,
      "usFirstCharIndex": 32,
      "usLastCharIndex": 65535,
      "usMaxContext": 12,
      "usWeightClass": 400,
      "usWeightClassName": "Normal (Regular)",
      "usWidthClass": 5,
      "usWidthClassName": "Medium (normal)",
      "usWinAscent": 2728,
      "usWinDescent": 680,
      "version": 4,
      "xAvgCharWidth": 1838,
      "yStrikeoutPosition": 922,
      "yStrikeoutSize": 192,
      "ySubscriptXOffset": 0,
      "ySubscriptXSize": 1830,
      "ySubscriptYOffset": 211,
      "ySubscriptYSize": 1690,
      "ySuperscriptXOffset": 0,
      "ySuperscriptXSize": 1830,
      "ySuperscriptYOffset": 986,
      "ySuperscriptYSize": 1690
    },
    "post": {
      "formatType": 3.0,
      "isFixedPitch": 0,
      "italicAngle": 0.0,
      "maxMemType1": 0,
      "maxMemType42": 0,
      "minMemType1": 0,
      "minMemType42": 0,
      "underlinePosition": -464,
      "underlineThickness": 192
    },
    "version": "3.15"
  }
]
